tweet,sentiment_label
RT @ornikkar: Apparemment, si celui qui a l'air le "plus pos√©" c'est Poisson, on n'est pas dans la merde.  #PrimaireLeDebat,Negative
RT @IsrafilElRafa: #Poisson a 2 axes: "L'Etat doit retrouver sa force protectrice et aider le peuple fran√ßais √† se reconstituer comme peupl‚Ä¶,Positive
RT @LEXPRESS: DIRECT #PrimaireLeDebat : Proche du Front national, Karim Ouchikh pr√©sent dans le public pour soutenir J-F Poisson https://t.‚Ä¶,Positive
RT @PVergezHonta: #PrimaireLeDebat 
#Jupp√© convaincant 
#Poisson surprenant
#BLM redondant
#Sarkozy √©nervant
#Cop√© d√©sesp√©r√©
#Fillon fatigu‚Ä¶,Positive
RT @publicsenat: #PrimaireLeD√©bat  @reillesoult : classements en terme de visibilit√© sur Twitter : Sarkozy, Fillon, Jupp√©, Le Maire, NKM, C‚Ä¶,Negative
RT @vandemeulebrou: #PrimaireLeDebat Format√© #Juppe. Pugnace #Cope.   Moderne #NKM.Combatif  #Sarkozy. Surprenant #Poisson. S√©rieux #Fillon‚Ä¶,Positive
RT @IsrafilElRafa: #Poisson souligne un probl√®me: la France est attractive sur le plan social mais r√©pulsive sur le plan fiscal 

#Primaire‚Ä¶,Positive
RT @kwesmat: - Un caf√© stp !
- ...
- Pareil, sucr√©, merci !
- ...
- D√©ca pour moi, t'es gentil !
- MAIS JE SUIS FREDERIC POISSON !
#Primair‚Ä¶,Positive
RT @PVergezHonta: #PrimaireLeDebat 
#Jupp√© convaincant 
#Poisson surprenant
#BLM redondant
#Sarkozy √©nervant
#Cop√© d√©sesp√©r√©
#Fillon fatigu‚Ä¶,Positive
RT @PhilMargay: #PrimaireLeDebat #Stature #Convictions #Lucidit√© #Poisson est le pdt qu'il faut √† la France!
#LiberonsNosConvictions
@jfpoi‚Ä¶,Negative
RT @JeromeBroda: - M. Poisson, va falloir raccourcir vos r√©ponses ! 
- Pourquoi ?
- Vous n'√™tes pas dans l'√©tang.

#PrimaireLeDebat,Negative
RT @FrDesouche: Poisson c'est celui qui le parcours le plus admirable et fascinant #PrimaireLeDebat https://t.co/rEkCMLrpDA,Positive
RT @jeunedissident: Ce "d√©bat" m'aura confort√© dans mes deux choix :

- aller finalement voter √† cette primaire.
- pour soutenir JF #Poisso‚Ä¶,Negative
RT @CapuPatriote: Cote d'opinions favorables de #Poisson avant/apr√®s le d√©bat : +24 points. Impressionnant. #PrimaireLeDebat https://t.co/S‚Ä¶,Positive
RT @ivalerio: Poisson, star des recherches Google et de Twitter. https://t.co/Ow178Jtvoa #PrimaireLeDebat #BfmtvPrimaire,Positive
RT @FrDesouche: Poisson c'est celui qui le parcours le plus admirable et fascinant #PrimaireLeDebat https://t.co/rEkCMLrpDA,Positive
RT @laurentbazin: Fillon en place. Jupp√© sans asp√©rit√©. NKM radicale. Sarkozy pugnace. Lemaire en dessous. Cop√© rude. Poisson surprenant. #‚Ä¶,Positive
RT @romainblachier: Poisson il est pan√© de la derni√®re pluie #PrimaireLeDebat,Negative
RT @MaestroVerrardi: Meilleures prestations de ce soir:

1) Fillon 
2) Poisson
3) Cop√©
4) Sarkozy
5) LeMaire
6) Jupp√©
7) NKM

 #primaireled‚Ä¶,Positive
#PrimaireLeD√©bat

Poisson , tr√®s int√©ressant, Lemaire, Cop√©,mention bien, Sarkozy, z√©ro.,Positive
RT @FrDesouche: Poisson c'est celui qui le parcours le plus admirable et fascinant #PrimaireLeDebat https://t.co/rEkCMLrpDA,Positive
RT @laurentbazin: Fillon en place. Jupp√© sans asp√©rit√©. NKM radicale. Sarkozy pugnace. Lemaire en dessous. Cop√© rude. Poisson surprenant. #‚Ä¶,Positive
RT @le_gorafi: #PrimaireLeDebat Un vigile neutralise Jean-Fr√©d√©ric Poisson alors qu'il commen√ßait √† lire l'int√©gralit√© du trait√© de Maastri‚Ä¶,Negative
RT @PVergezHonta: #PrimaireLeDebat 
#Jupp√© convaincant 
#Poisson surprenant
#BLM redondant
#Sarkozy √©nervant
#Cop√© d√©sesp√©r√©
#Fillon fatigu‚Ä¶,Positive
RT @CapuPatriote: #Poisson est de loin le meilleur ce soir. J'ai h√¢te de l'entendre sur la vocation chr√©tienne de la France, son identit√©.‚Ä¶,Positive
#PrimaireLeDebat #Poisson 
Mais POUR la suppression du minist√®re de la culture. Ce mec est fou?! 2/2,Negative
RT @HugoTravers: C'est moi o√π tout le monde "partage l'avis de Jean-Fr√©d√©ric Poisson" ? #PrimaireLeD√©bat,Positive
#PrimaireLeDebat #Poisson 
Le mec ressort comme la r√©v√©lation. Et l√†, tu d√©couvres qu'il est contre l'avortement, le mariage pour tous 1/2,Positive
RT @CarolineFourest: Jean-Fr√©d√©ric #Poisson : successeur Christine #Boutin et hostile au droit au blasph√®me. Ici √† 21'10.https://t.co/hJc0y‚Ä¶,Negative
RT @publicsenat: #PrimaireLeD√©bat  @reillesoult : classements en terme de visibilit√© sur Twitter : Sarkozy, Fillon, Jupp√©, Le Maire, NKM, C‚Ä¶,Negative
RT @PaulDecherf: Ce que les candidats de la #primairedroite pensent de leurs adversaires en emojis. Merci @LEXPRESS #Poisson #PrimaireLeDeb‚Ä¶,Positive
RT @JeromeBroda: - M. Poisson, va falloir raccourcir vos r√©ponses ! 
- Pourquoi ?
- Vous n'√™tes pas dans l'√©tang.

#PrimaireLeDebat,Negative
#PrimaireLeDebat 1-Fillon:pr√©cis,d√©termin√© 2-Sarkozy:autorit√©,√©nergie 3-Cop√©:Incisif 4-Poisson:clair,franc 5-NKM : creative 6-Jupp√© 7-BLM,Negative
RT @emmadefaud: @Bekouz Poisson, un pur r√©ac qui passe pour un mec sympa, la magie de #PrimaireLeDebat,Positive
RT @FrDesouche: Poisson c'est celui qui le parcours le plus admirable et fascinant #PrimaireLeDebat https://t.co/rEkCMLrpDA,Positive
RT @FrDesouche: Poisson c'est celui qui le parcours le plus admirable et fascinant #PrimaireLeDebat https://t.co/rEkCMLrpDA,Positive
RT @Chericleon: Les gagnants / perdants du d√©bat selon moi:
Fillon ‚¨Ü‚¨Ü
Sarkozy ‚¨Ü
Poisson‚¨Ü‚¨Ü
Jupp√© ‚Üï
Le Maire ‚¨á
NKM ‚¨á
#PrimaireLeDebat,Negative
RT @FrDesouche: Poisson c'est celui qui le parcours le plus admirable et fascinant #PrimaireLeDebat https://t.co/rEkCMLrpDA,Positive
Ce que les candidats de la #primairedroite pensent de leurs adversaires en emojis. Merci @LEXPRESS #Poisson‚Ä¶ https://t.co/eKcqgtokB4,Positive
RT @clement_roose: JF. Poisson ce soir #PrimaireLeDebat https://t.co/hH0gFMz6nK,Negative
#Paris #Trends
#AvecJupp√©
#BridgetJones
#Cop√©
#EnvoyeSpecial
#PrimaireLeDebat
Jean-Fr√©d√©ric Poisson
Le Maire
Luis Campos
#MichelleObama,Negative
RT @kwesmat: - Un caf√© stp !
- ...
- Pareil, sucr√©, merci !
- ...
- D√©ca pour moi, t'es gentil !
- MAIS JE SUIS FREDERIC POISSON !
#Primair‚Ä¶,Positive
RT @Le_Figaro: Sur les 7 candidats, seul @jfpoisson78 a r√©pondu aux journalistes apr√®s le d√©bat &gt;&gt; https://t.co/2Tp8GuCZTC #primaireled√©bat‚Ä¶,Negative
Faut-il rep√™cher monsieur Poisson ? #PrimaireLeDebat,Negative
RT @IsrafilElRafa: #Poisson souligne un probl√®me: la France est attractive sur le plan social mais r√©pulsive sur le plan fiscal 

#Primaire‚Ä¶,Positive
RT @Picador950: Tout est bon dans le #Poisson...
Le seul √† surnager dans ce triste #PrimaireLeDebat .,Positive
RT @jeremiejanot: Faut voter Poisson , avec lui on est certain de pas couler .... #PrimaireLeDebat #blaguepourrie je sais,Positive
RT @le_gorafi: #PrimaireLeDebat Un vigile neutralise Jean-Fr√©d√©ric Poisson alors qu'il commen√ßait √† lire l'int√©gralit√© du trait√© de Maastri‚Ä¶,Negative
RT @NSEntrepreneurs: Sondage .@Le_Figaro √† la fin du #PrimaireLeDebat : Sarkozy 26% Jupp√© 24% Poisson 17% Fillon 15% Le Maire 10% #avecNS #‚Ä¶,Negative
RT @FrDesouche: Poisson c'est celui qui le parcours le plus admirable et fascinant #PrimaireLeDebat https://t.co/rEkCMLrpDA,Positive
RT @NSEntrepreneurs: Sondage .@Le_Figaro √† la fin du #PrimaireLeDebat : Sarkozy 26% Jupp√© 24% Poisson 17% Fillon 15% Le Maire 10% #avecNS #‚Ä¶,Negative
RT @FrDesouche: Poisson c'est celui qui le parcours le plus admirable et fascinant #PrimaireLeDebat https://t.co/rEkCMLrpDA,Positive
RT @laurentbazin: Fillon en place. Jupp√© sans asp√©rit√©. NKM radicale. Sarkozy pugnace. Lemaire en dessous. Cop√© rude. Poisson surprenant. #‚Ä¶,Positive
RT @le_gorafi: #PrimaireLeDebat Jean-Fr√©d√©ric Poisson demande s'il peut regarder la suite du d√©bat depuis chez lui.,Negative
RT @h2brgrd: Lemaire emprunt√©, Jupp√© effac√©, Cop√© rancunier, Sarko agit√©, NKM embarrass√©e, Fillon assur√©, Poisson r√©v√©l√©.
#PrimaireLeD√©bat,Negative
RT @le_gorafi: #PrimaireLeDebat Jean-Fr√©d√©ric Poisson demande s'il peut regarder la suite du d√©bat depuis chez lui.,Negative
RT @Ayohann91: Sarkozy est d'accord avec Poisson : il ne faut pas toucher √† l'immunit√© du PR. Tu m'√©tonnes !!!!! #PrimaireLeDebat,Negative
RT @JeanLucRomero: Une soci√©t√© multi-culturelle : c'est pourtant ce que nous sommes et c'est une richesse. M. #Poisson vit-il en #France ?‚Ä¶,Negative
RT @le_gorafi: #PrimaireLeDebat Un vigile neutralise Jean-Fr√©d√©ric Poisson alors qu'il commen√ßait √† lire l'int√©gralit√© du trait√© de Maastri‚Ä¶,Negative
RT @paul_denton: #PrimaireLeDebat: Mon palmar√®s perso üèÜ
#Sarkozy, #Cope, #NKM, #Poisson, #LeMaire, #Juppe‚Ä¶ 
Prochain d√©bat le le 3 novembre‚Ä¶,Negative
RT @adroitetoutes01: #Poisson  Une v√©ritable r√©v√©lation ce soir. #PrimaireLeDebat,Positive
RT @IsrafilElRafa: Si #Poisson cr√®ve l'√©cran ce soir c'est parce qu'il est bien le seul √† ne pas √™tre d√©mago !

#PrimaireLeDebat,Negative
RT @laurentbazin: Fillon en place. Jupp√© sans asp√©rit√©. NKM radicale. Sarkozy pugnace. Lemaire en dessous. Cop√© rude. Poisson surprenant. #‚Ä¶,Positive
RT @xfrison: #Poisson calme tout le monde sur les syndicats, qui ne sont pas Satan: "C'est l'exp√©rience que j'en ai eu dans mon m√©tier". #P‚Ä¶,Positive
RT @adroitetoutes01: #Poisson  Une v√©ritable r√©v√©lation ce soir. #PrimaireLeDebat,Positive
RT @IsrafilElRafa: Si #Poisson cr√®ve l'√©cran ce soir c'est parce qu'il est bien le seul √† ne pas √™tre d√©mago !

#PrimaireLeDebat,Negative
RT @MaestroVerrardi: Meilleures prestations de ce soir:

1) Fillon 
2) Poisson
3) Cop√©
4) Sarkozy
5) LeMaire
6) Jupp√©
7) NKM

 #primaireled‚Ä¶,Positive
RT @GrablyR: Jupp√© s√ªr de lui / Sarko surexcit√© / Cop√© surclass√© / Lemaire surestim√© / NKM survivante / Fillon surmen√© / Poisson surimi #Pr‚Ä¶,Positive
RT @Noop1301: je suis bluff√© par @jfpoisson78 ! il se d√©marque par son honn√™tet√©, moi je dis chapeau #JFPoisson #primaireledebat #poisson,Negative
RT @Chericleon: Les gagnants / perdants du d√©bat selon moi:
Fillon ‚¨Ü‚¨Ü
Sarkozy ‚¨Ü
Poisson‚¨Ü‚¨Ü
Jupp√© ‚Üï
Le Maire ‚¨á
NKM ‚¨á
#PrimaireLeDebat,Negative
#PrimaireLeDebat 
#Jupp√© convaincant 
#Poisson surprenant
#BLM redondant
#Sarkozy √©nervant
#Cop√© d√©sesp√©r√©
#Fillon fatigu√©
#NKM ajust√©e,Negative
RT @cohenj_: Quand JF Poisson - l'inconnu du casting - supplante les chevronn√©s Le Maire, NKM et Cop√© et se hisse au niveau de Fillon.  #Pr‚Ä¶,Negative
RT @h2brgrd: Lemaire emprunt√©, Jupp√© effac√©, Cop√© rancunier, Sarko agit√©, NKM embarrass√©e, Fillon assur√©, Poisson r√©v√©l√©.
#PrimaireLeD√©bat,Negative
RT @laurentbazin: Fillon en place. Jupp√© sans asp√©rit√©. NKM radicale. Sarkozy pugnace. Lemaire en dessous. Cop√© rude. Poisson surprenant. #‚Ä¶,Positive
RT @TChetal: .@FrancoisFillon √† √©t√© incontestablement le meilleur.
Poisson, quelle prestation !
Jupp√©, BLM, NKM : ‚ùåüëéüèª #PrimaireLeDebat #Fil‚Ä¶,Positive
RT @GeWoessner: "Qui est Jean-Fr√©d√©ric Poisson ?" dans le top 3 des requ√™tes des internautes pendant d√©bat, selon @GoogleTrends #PrimaireLe‚Ä¶,Negative
RT @peremums: #poisson Excellent, sinc√®re, franc, int√®gre, courageux
#PrimaireLeDebat https://t.co/BwoEnKNypD,Positive
RT @2081AD: JF #Poisson il est tellement inconnu il trempe sa bite dans de la harissa tout le crie au g√©nie #PrimaireLeDebat #primairedroite,Positive
RT @le_gorafi: #PrimaireLeDebat Jean-Fr√©d√©ric Poisson lance un vibrant "Vive le court-m√©trage libre!",Positive
RT @audelorriaux: Poisson contre l'interdiction du salafisme: "Je ne vois pas comment on peut interdire une id√©e". Le mec rationnel du d√©ba‚Ä¶,Negative
RT @MaestroVerrardi: Meilleures prestations de ce soir:

1) Fillon 
2) Poisson
3) Cop√©
4) Sarkozy
5) LeMaire
6) Jupp√©
7) NKM

 #primaireled‚Ä¶,Positive
RT @FrDesouche: Poisson c'est celui qui le parcours le plus admirable et fascinant #PrimaireLeDebat https://t.co/rEkCMLrpDA,Positive
RT @LaRageTotale: Qui conna√Æt l'entreprise ?
#PrimaireLeDebat 
C'est #Poisson, parce qu'il est aussi chef d'entreprise ! #SachezLe,Negative
RT @NSEntrepreneurs: Sondage .@Le_Figaro √† la fin du #PrimaireLeDebat : Sarkozy 26% Jupp√© 24% Poisson 17% Fillon 15% Le Maire 10% #avecNS #‚Ä¶,Negative
RT @EtienneBrichet: Fr√©d√©ric Poisson : J'aimerais parler un peu de politique.

Parce que tu crois que ce d√©bat sert √† quoi ? #PrimaireLeDeb‚Ä¶,Negative
RT @TheCaroCaro45: .@CarolineFourest et la lutte contre Daesh pour JF Poisson ? Avec Bachar al-Assad ... #PrimaireLeDebat https://t.co/1dam‚Ä¶,Negative
RT @emmadefaud: @Bekouz Poisson, un pur r√©ac qui passe pour un mec sympa, la magie de #PrimaireLeDebat,Positive
RT @NSEntrepreneurs: Sondage .@Le_Figaro √† la fin du #PrimaireLeDebat : Sarkozy 26% Jupp√© 24% Poisson 17% Fillon 15% Le Maire 10% #avecNS #‚Ä¶,Negative
RT @NSEntrepreneurs: Sondage .@Le_Figaro √† la fin du #PrimaireLeDebat : Sarkozy 26% Jupp√© 24% Poisson 17% Fillon 15% Le Maire 10% #avecNS #‚Ä¶,Negative
RT @indotoom: #Poisson le moins "pourri"?Cop√© le plus "mordant" ? Le reste √† la "p√™che" aux voix...M'ont pas cons vaincus ! @itele @Bfmtv #‚Ä¶,Negative
RT @ULYSSE888: Euh pardon mais #Poisson vient de dire un truc intelligent, qu'attend la s√©curit√© pour le virer du plateau ?
#PrimaireLeDebat,Positive
RT @emmadefaud: Vous trouvez Jean-Fr√©d√©ric Poisson trop sympa apr√®s #PrimaireLeDebat ? Attention, il n'est pas celui que vous croyez https:‚Ä¶,Positive
RT @chdelporte: Eh oui, #Poisson est le seul √† ne pas dire de sottise sur la loi de 1905... #PrimaireLeDebat,Negative
RT @fanchemtbrwn: Jean-Frederic Poisson n'est pas si inconnu que √ßa. Il a quand m√™me √©t√© √©lu d√©l√©gu√© de classe en 4√®me D. #PrimaireLeDebat,Positive
RT @BobLeCentriste: Recherches sur Google
1. #Jupp√©
2. #Sarkozy
3. #BLM
4. #Poisson
5. #NKM
6. #Fillon
7. #Cop√©
#PrimaireLeDebat https://t.‚Ä¶,Positive
RT @Bekouz: En vrai on peut le dire ou pas que la r√©v√©lation de #PrimaireLeDebat c'est quand m√™me JF Poisson ?,Positive
RT @jeunedissident: Ce "d√©bat" m'aura confort√© dans mes deux choix :

- aller finalement voter √† cette primaire.
- pour soutenir JF #Poisso‚Ä¶,Negative
RT @Eberretta: Poisson, le seul qui a cr√©√© une entreprise, parle du travail... et mod√®re ses copains sur les syndicats. #PrimaireLeDebat @L‚Ä¶,Negative
RT @Tikitoq: Il se d√©brouille bien Poisson, il est pan√© de la derni√®re pluie.
#PrimaireLeDebat,Negative
RT @EugenieBastie: Cop√© rancunier, Lemaire guignolesque, NKM √©th√©r√©e, Sarkozy bouillonnant, Jupp√© effac√©, Fillon draconien, Poisson probe.‚Ä¶,Positive
